|[u'taxa_crossover', 1]|,|[u'taxa_elitismo', 0.1]|,|[u'execucao', 1]|,|[u'taxa_mutacao', 1]|,|[u'tipo_mutacao', 3]|,|[u'tipo_selecao', 1]|,|[u'n_torneio', 5]|,|[u'troca_populacao', 1]|,|[u'tipo_crossover', 4]|,|[u'geracoes', 10]|,|[u'tamanho_pop', 100]|
geracções,1,2,3,4,5,6,7,8,9
Melhores,1852.0,1842.0,1842.0,1842.0,1842.0,1842.0,1841.0,1837.0,1753.0
Piores,2614.0,2711.0,2752.0,2591.0,2647.0,2572.0,2517.0,2562.0,2514.0
Média,2238.5300000000002,2273.8400000000001,2276.0599999999999,2252.27,2214.7399999999998,2173.3099999999999,2188.0999999999999,2130.1700000000001,2148.6199999999999
Desvio Padrão,184.22,198.28,212.63999999999999,179.40000000000001,183.77000000000001,175.55000000000001,166.31,166.65000000000001,170.87
Melhor Fitness,1753.0
Melhor Individuo,|['31', '15', '28', '#', '14', '32', '2', '#', '21', '19', '9', '10', '6', '27', '#', '23', '16', '29', '4', '20', '17', '#', '24', '25', '12', '22', '18', '30', '26', '3', '5', '7', '11', '8', '13']|
