|[u'taxa_crossover', 1]|,|[u'taxa_elitismo', 0.1]|,|[u'execucao', 1]|,|[u'taxa_mutacao', 1]|,|[u'tipo_mutacao', 3]|,|[u'tipo_selecao', 1]|,|[u'n_torneio', 5]|,|[u'troca_populacao', 1]|,|[u'tipo_crossover', 4]|,|[u'geracoes', 10]|,|[u'tamanho_pop', 100]|
geracções,1,2,3,4,5,6,7,8,9
Melhores,1867.0,1867.0,1867.0,1867.0,1864.0,1826.0,1826.0,1826.0,1826.0
Piores,2743.0,2793.0,2683.0,2623.0,2640.0,2608.0,2603.0,2648.0,2614.0
Média,2295.1799999999998,2274.9000000000001,2237.9899999999998,2215.52,2189.48,2178.0900000000001,2151.2399999999998,2151.6300000000001,2147.8800000000001
Desvio Padrão,207.21000000000001,202.68000000000001,186.93000000000001,191.36000000000001,201.34,181.03999999999999,170.84999999999999,170.19,178.06
Melhor Fitness,1826.0
Melhor Individuo,|['2', '13', '#', '14', '6', '21', '#', '16', '11', '26', '#', '9', '17', '12', '10', '5', '22', '#', '24', '15', '25', '27', '20', '23', '19', '18', '31', '30', '28', '29', '3', '4', '7', '32', '8']|
